position,max_score,switch_count,global_threshold,badasp_score
46,1.581840807800434,10,1.2544223742467318,1.581840807800434
