position,rc,ac,p_ac,badasp_score
145,0.3188035695628604,-0.7932263814616756,0.8632615329768271,1.0035653916211278
46,0.38208198989496056,-0.6256684491978609,0.8947846880570409,0.9419205380376011
31,0.35048224722209664,-0.661319073083779,0.886371871657754,0.9366568717943369
42,0.36979397560501465,-0.6149732620320856,0.8654970766488412,0.9020515361109867
115,0.43520566788597853,-0.5044563279857398,0.8999825311942959,0.8892075508235646
47,0.35407060129110957,-0.5900178253119429,0.8339777183600714,0.8461323210365349
108,0.32642294794640203,-0.5935828877005348,0.854654652406417,0.8337313245084998
99,0.3061659044557352,-0.6149732620320856,0.8408007664884135,0.8232358945421927
72,0.32084690974806307,-0.5828877005347594,0.8285333511586453,0.8037888096212842
