position,max_score,switch_count,global_threshold,badasp_score
115,1.521491622156249,2,1.294063820057891,1.521491622156249
34,1.3320348403590265,2,1.294063820057891,1.3320348403590265
