position,max_score,switch_count,global_threshold,badasp_score
112,1.5000054360527293,2,1.3958987327238463,1.5000054360527293
