position,max_score,switch_count,global_threshold,badasp_score
27,1.6317236507936508,56,1.3664461400664902,1.6317236507936508
