position,max_score,switch_count,global_threshold,badasp_score
46,1.5813769910880557,9,1.2726190481966815,1.5813769910880557
