position,max_score,switch_count,global_threshold,badasp_score
45,1.6874659679087682,9,1.4426577191104686,1.6874659679087682
