position,max_score,switch_count,global_threshold,badasp_score
44,1.6661466666666667,141,1.3846122942291992,1.6661466666666667
