position,max_score,switch_count,global_threshold,badasp_score
29,1.474746103414278,3,1.3718443173363524,1.474746103414278
