position,max_score,switch_count,global_threshold,badasp_score
44,1.5637951638504863,18,1.2909627115384612,1.5637951638504863
