position,max_score,switch_count,global_threshold,badasp_score
12,1.4463537448992922,11,1.3545514377007426,1.4463537448992922
