position,max_score,switch_count,global_threshold,badasp_score
123,1.4548755390567218,2,1.3129245759396635,1.4548755390567218
30,1.4056819840175754,2,1.3129245759396635,1.4056819840175754
73,1.3994274478150106,2,1.3129245759396635,1.3994274478150106
139,1.393592351611669,2,1.3129245759396635,1.393592351611669
